query,category
Book a ticket from [location] to [destination],ticket_buy
I need to buy a train ticket,ticket_buy
Can you help me purchase a flight ticket?,ticket_buy
Purchase a bus ticket for my journey,ticket_buy
Where can I buy a ticket for the concert?,ticket_buy
Get me a ticket for the next available flight,ticket_buy
How do I buy a ticket to the museum?,ticket_buy
I want to book a ferry ticket,ticket_buy
Help me get a ticket for the movie,ticket_buy
Where can I buy a ticket to the event?,ticket_buy
Book a ticket from [location] to [destination],ticket_buy
I need to buy a train ticket,ticket_buy
Can you help me purchase a flight ticket?,ticket_buy
Purchase a bus ticket for my journey,ticket_buy
Where can I buy a ticket for the concert?,ticket_buy
Get me a ticket for the next available flight,ticket_buy
How do I buy a ticket to the museum?,ticket_buy
I want to book a ferry ticket,ticket_buy
Help me get a ticket for the movie,ticket_buy
Where can I buy a ticket to the event?,ticket_buy
Book a ticket from [location] to [destination],ticket_buy
I need to buy a train ticket,ticket_buy
Can you help me purchase a flight ticket?,ticket_buy
Purchase a bus ticket for my journey,ticket_buy
Where can I buy a ticket for the concert?,ticket_buy
Get me a ticket for the next available flight,ticket_buy
How do I buy a ticket to the museum?,ticket_buy
I want to book a ferry ticket,ticket_buy
Help me get a ticket for the movie,ticket_buy
Where can I buy a ticket to the event?,ticket_buy
Book a ticket from [location] to [destination],ticket_buy
I need to buy a train ticket,ticket_buy
Can you help me purchase a flight ticket?,ticket_buy
Purchase a bus ticket for my journey,ticket_buy
Where can I buy a ticket for the concert?,ticket_buy
Get me a ticket for the next available flight,ticket_buy
How do I buy a ticket to the museum?,ticket_buy
I want to book a ferry ticket,ticket_buy
Help me get a ticket for the movie,ticket_buy
Where can I buy a ticket to the event?,ticket_buy
Book a ticket from [location] to [destination],ticket_buy
I need to buy a train ticket,ticket_buy
Can you help me purchase a flight ticket?,ticket_buy
Purchase a bus ticket for my journey,ticket_buy
Where can I buy a ticket for the concert?,ticket_buy
Get me a ticket for the next available flight,ticket_buy
How do I buy a ticket to the museum?,ticket_buy
I want to book a ferry ticket,ticket_buy
Help me get a ticket for the movie,ticket_buy
Where can I buy a ticket to the event?,ticket_buy
Book a ticket from [location] to [destination],ticket_buy
I need to buy a train ticket,ticket_buy
Can you help me purchase a flight ticket?,ticket_buy
Purchase a bus ticket for my journey,ticket_buy
Where can I buy a ticket for the concert?,ticket_buy
Get me a ticket for the next available flight,ticket_buy
How do I buy a ticket to the museum?,ticket_buy
I want to book a ferry ticket,ticket_buy
Help me get a ticket for the movie,ticket_buy
Where can I buy a ticket to the event?,ticket_buy
Book a ticket from [location] to [destination],ticket_buy
I need to buy a train ticket,ticket_buy
Can you help me purchase a flight ticket?,ticket_buy
Purchase a bus ticket for my journey,ticket_buy
Where can I buy a ticket for the concert?,ticket_buy
Get me a ticket for the next available flight,ticket_buy
How do I buy a ticket to the museum?,ticket_buy
I want to book a ferry ticket,ticket_buy
Help me get a ticket for the movie,ticket_buy
Where can I buy a ticket to the event?,ticket_buy
Book a ticket from [location] to [destination],ticket_buy
I need to buy a train ticket,ticket_buy
Can you help me purchase a flight ticket?,ticket_buy
Purchase a bus ticket for my journey,ticket_buy
Where can I buy a ticket for the concert?,ticket_buy
Get me a ticket for the next available flight,ticket_buy
How do I buy a ticket to the museum?,ticket_buy
I want to book a ferry ticket,ticket_buy
Help me get a ticket for the movie,ticket_buy
Where can I buy a ticket to the event?,ticket_buy
Book a ticket from [location] to [destination],ticket_buy
I need to buy a train ticket,ticket_buy
Can you help me purchase a flight ticket?,ticket_buy
Purchase a bus ticket for my journey,ticket_buy
Where can I buy a ticket for the concert?,ticket_buy
Get me a ticket for the next available flight,ticket_buy
How do I buy a ticket to the museum?,ticket_buy
I want to book a ferry ticket,ticket_buy
Help me get a ticket for the movie,ticket_buy
Where can I buy a ticket to the event?,ticket_buy
Book a ticket from [location] to [destination],ticket_buy
I need to buy a train ticket,ticket_buy
Can you help me purchase a flight ticket?,ticket_buy
Purchase a bus ticket for my journey,ticket_buy
Where can I buy a ticket for the concert?,ticket_buy
Get me a ticket for the next available flight,ticket_buy
How do I buy a ticket to the museum?,ticket_buy
I want to book a ferry ticket,ticket_buy
Help me get a ticket for the movie,ticket_buy
Where can I buy a ticket to the event?,ticket_buy
Book a ticket from [location] to [destination],ticket_buy
I need to buy a train ticket,ticket_buy
Can you help me purchase a flight ticket?,ticket_buy
Purchase a bus ticket for my journey,ticket_buy
Where can I buy a ticket for the concert?,ticket_buy
Get me a ticket for the next available flight,ticket_buy
How do I buy a ticket to the museum?,ticket_buy
I want to book a ferry ticket,ticket_buy
Help me get a ticket for the movie,ticket_buy
Where can I buy a ticket to the event?,ticket_buy
Book a ticket from [location] to [destination],ticket_buy
I need to buy a train ticket,ticket_buy
Can you help me purchase a flight ticket?,ticket_buy
Purchase a bus ticket for my journey,ticket_buy
Where can I buy a ticket for the concert?,ticket_buy
Get me a ticket for the next available flight,ticket_buy
How do I buy a ticket to the museum?,ticket_buy
I want to book a ferry ticket,ticket_buy
Help me get a ticket for the movie,ticket_buy
Where can I buy a ticket to the event?,ticket_buy
Book a ticket from [location] to [destination],ticket_buy
I need to buy a train ticket,ticket_buy
Can you help me purchase a flight ticket?,ticket_buy
Purchase a bus ticket for my journey,ticket_buy
Where can I buy a ticket for the concert?,ticket_buy
Get me a ticket for the next available flight,ticket_buy
How do I buy a ticket to the museum?,ticket_buy
I want to book a ferry ticket,ticket_buy
Help me get a ticket for the movie,ticket_buy
Where can I buy a ticket to the event?,ticket_buy
Book a ticket from [location] to [destination],ticket_buy
I need to buy a train ticket,ticket_buy
Can you help me purchase a flight ticket?,ticket_buy
Purchase a bus ticket for my journey,ticket_buy
Where can I buy a ticket for the concert?,ticket_buy
Get me a ticket for the next available flight,ticket_buy
How do I buy a ticket to the museum?,ticket_buy
I want to book a ferry ticket,ticket_buy
Help me get a ticket for the movie,ticket_buy
Where can I buy a ticket to the event?,ticket_buy
Book a ticket from [location] to [destination],ticket_buy
I need to buy a train ticket,ticket_buy
Can you help me purchase a flight ticket?,ticket_buy
Purchase a bus ticket for my journey,ticket_buy
Where can I buy a ticket for the concert?,ticket_buy
Get me a ticket for the next available flight,ticket_buy
How do I buy a ticket to the museum?,ticket_buy
I want to book a ferry ticket,ticket_buy
Help me get a ticket for the movie,ticket_buy
Where can I buy a ticket to the event?,ticket_buy
Book a ticket from [location] to [destination],ticket_buy
I need to buy a train ticket,ticket_buy
Can you help me purchase a flight ticket?,ticket_buy
Purchase a bus ticket for my journey,ticket_buy
Where can I buy a ticket for the concert?,ticket_buy
Get me a ticket for the next available flight,ticket_buy
How do I buy a ticket to the museum?,ticket_buy
I want to book a ferry ticket,ticket_buy
Help me get a ticket for the movie,ticket_buy
Where can I buy a ticket to the event?,ticket_buy
Book a ticket from [location] to [destination],ticket_buy
I need to buy a train ticket,ticket_buy
Can you help me purchase a flight ticket?,ticket_buy
Purchase a bus ticket for my journey,ticket_buy
Where can I buy a ticket for the concert?,ticket_buy
Get me a ticket for the next available flight,ticket_buy
How do I buy a ticket to the museum?,ticket_buy
I want to book a ferry ticket,ticket_buy
Help me get a ticket for the movie,ticket_buy
Where can I buy a ticket to the event?,ticket_buy
Book a ticket from [location] to [destination],ticket_buy
I need to buy a train ticket,ticket_buy
Can you help me purchase a flight ticket?,ticket_buy
Purchase a bus ticket for my journey,ticket_buy
Where can I buy a ticket for the concert?,ticket_buy
Get me a ticket for the next available flight,ticket_buy
How do I buy a ticket to the museum?,ticket_buy
I want to book a ferry ticket,ticket_buy
Help me get a ticket for the movie,ticket_buy
Where can I buy a ticket to the event?,ticket_buy
Book a ticket from [location] to [destination],ticket_buy
I need to buy a train ticket,ticket_buy
Can you help me purchase a flight ticket?,ticket_buy
Purchase a bus ticket for my journey,ticket_buy
Where can I buy a ticket for the concert?,ticket_buy
Get me a ticket for the next available flight,ticket_buy
How do I buy a ticket to the museum?,ticket_buy
I want to book a ferry ticket,ticket_buy
Help me get a ticket for the movie,ticket_buy
Where can I buy a ticket to the event?,ticket_buy
Book a ticket from [location] to [destination],ticket_buy
I need to buy a train ticket,ticket_buy
Can you help me purchase a flight ticket?,ticket_buy
Purchase a bus ticket for my journey,ticket_buy
Where can I buy a ticket for the concert?,ticket_buy
Get me a ticket for the next available flight,ticket_buy
How do I buy a ticket to the museum?,ticket_buy
I want to book a ferry ticket,ticket_buy
Help me get a ticket for the movie,ticket_buy
Where can I buy a ticket to the event?,ticket_buy
Book a ticket from [location] to [destination],ticket_buy
I need to buy a train ticket,ticket_buy
Can you help me purchase a flight ticket?,ticket_buy
Purchase a bus ticket for my journey,ticket_buy
Where can I buy a ticket for the concert?,ticket_buy
Get me a ticket for the next available flight,ticket_buy
How do I buy a ticket to the museum?,ticket_buy
I want to book a ferry ticket,ticket_buy
Help me get a ticket for the movie,ticket_buy
Where can I buy a ticket to the event?,ticket_buy
Book a ticket from [location] to [destination],ticket_buy
I need to buy a train ticket,ticket_buy
Can you help me purchase a flight ticket?,ticket_buy
Purchase a bus ticket for my journey,ticket_buy
Where can I buy a ticket for the concert?,ticket_buy
Get me a ticket for the next available flight,ticket_buy
How do I buy a ticket to the museum?,ticket_buy
I want to book a ferry ticket,ticket_buy
Help me get a ticket for the movie,ticket_buy
Where can I buy a ticket to the event?,ticket_buy
Book a ticket from [location] to [destination],ticket_buy
I need to buy a train ticket,ticket_buy
Can you help me purchase a flight ticket?,ticket_buy
Purchase a bus ticket for my journey,ticket_buy
Where can I buy a ticket for the concert?,ticket_buy
Get me a ticket for the next available flight,ticket_buy
How do I buy a ticket to the museum?,ticket_buy
I want to book a ferry ticket,ticket_buy
Help me get a ticket for the movie,ticket_buy
Where can I buy a ticket to the event?,ticket_buy
Book a ticket from [location] to [destination],ticket_buy
I need to buy a train ticket,ticket_buy
Can you help me purchase a flight ticket?,ticket_buy
Purchase a bus ticket for my journey,ticket_buy
Where can I buy a ticket for the concert?,ticket_buy
Get me a ticket for the next available flight,ticket_buy
How do I buy a ticket to the museum?,ticket_buy
I want to book a ferry ticket,ticket_buy
Help me get a ticket for the movie,ticket_buy
Where can I buy a ticket to the event?,ticket_buy
Book a ticket from [location] to [destination],ticket_buy
I need to buy a train ticket,ticket_buy
Can you help me purchase a flight ticket?,ticket_buy
Purchase a bus ticket for my journey,ticket_buy
Where can I buy a ticket for the concert?,ticket_buy
Get me a ticket for the next available flight,ticket_buy
How do I buy a ticket to the museum?,ticket_buy
I want to book a ferry ticket,ticket_buy
Help me get a ticket for the movie,ticket_buy
Where can I buy a ticket to the event?,ticket_buy
Plan a trip to [destination],trip_plan
Help me schedule a vacation,trip_plan
Can you assist in planning a holiday?,trip_plan
Organize my trip to [destination],trip_plan
I want to plan a tour,trip_plan
Arrange a getaway to [destination],trip_plan
Help me prepare for a trip to [destination],trip_plan
I need to plan my travel itinerary,trip_plan
Guide me in planning a visit to [destination],trip_plan
Set up my trip to [destination],trip_plan
Plan a trip to [destination],trip_plan
Help me schedule a vacation,trip_plan
Can you assist in planning a holiday?,trip_plan
Organize my trip to [destination],trip_plan
I want to plan a tour,trip_plan
Arrange a getaway to [destination],trip_plan
Help me prepare for a trip to [destination],trip_plan
I need to plan my travel itinerary,trip_plan
Guide me in planning a visit to [destination],trip_plan
Set up my trip to [destination],trip_plan
Plan a trip to [destination],trip_plan
Help me schedule a vacation,trip_plan
Can you assist in planning a holiday?,trip_plan
Organize my trip to [destination],trip_plan
I want to plan a tour,trip_plan
Arrange a getaway to [destination],trip_plan
Help me prepare for a trip to [destination],trip_plan
I need to plan my travel itinerary,trip_plan
Guide me in planning a visit to [destination],trip_plan
Set up my trip to [destination],trip_plan
Plan a trip to [destination],trip_plan
Help me schedule a vacation,trip_plan
Can you assist in planning a holiday?,trip_plan
Organize my trip to [destination],trip_plan
I want to plan a tour,trip_plan
Arrange a getaway to [destination],trip_plan
Help me prepare for a trip to [destination],trip_plan
I need to plan my travel itinerary,trip_plan
Guide me in planning a visit to [destination],trip_plan
Set up my trip to [destination],trip_plan
Plan a trip to [destination],trip_plan
Help me schedule a vacation,trip_plan
Can you assist in planning a holiday?,trip_plan
Organize my trip to [destination],trip_plan
I want to plan a tour,trip_plan
Arrange a getaway to [destination],trip_plan
Help me prepare for a trip to [destination],trip_plan
I need to plan my travel itinerary,trip_plan
Guide me in planning a visit to [destination],trip_plan
Set up my trip to [destination],trip_plan
Plan a trip to [destination],trip_plan
Help me schedule a vacation,trip_plan
Can you assist in planning a holiday?,trip_plan
Organize my trip to [destination],trip_plan
I want to plan a tour,trip_plan
Arrange a getaway to [destination],trip_plan
Help me prepare for a trip to [destination],trip_plan
I need to plan my travel itinerary,trip_plan
Guide me in planning a visit to [destination],trip_plan
Set up my trip to [destination],trip_plan
Plan a trip to [destination],trip_plan
Help me schedule a vacation,trip_plan
Can you assist in planning a holiday?,trip_plan
Organize my trip to [destination],trip_plan
I want to plan a tour,trip_plan
Arrange a getaway to [destination],trip_plan
Help me prepare for a trip to [destination],trip_plan
I need to plan my travel itinerary,trip_plan
Guide me in planning a visit to [destination],trip_plan
Set up my trip to [destination],trip_plan
Plan a trip to [destination],trip_plan
Help me schedule a vacation,trip_plan
Can you assist in planning a holiday?,trip_plan
Organize my trip to [destination],trip_plan
I want to plan a tour,trip_plan
Arrange a getaway to [destination],trip_plan
Help me prepare for a trip to [destination],trip_plan
I need to plan my travel itinerary,trip_plan
Guide me in planning a visit to [destination],trip_plan
Set up my trip to [destination],trip_plan
Plan a trip to [destination],trip_plan
Help me schedule a vacation,trip_plan
Can you assist in planning a holiday?,trip_plan
Organize my trip to [destination],trip_plan
I want to plan a tour,trip_plan
Arrange a getaway to [destination],trip_plan
Help me prepare for a trip to [destination],trip_plan
I need to plan my travel itinerary,trip_plan
Guide me in planning a visit to [destination],trip_plan
Set up my trip to [destination],trip_plan
Plan a trip to [destination],trip_plan
Help me schedule a vacation,trip_plan
Can you assist in planning a holiday?,trip_plan
Organize my trip to [destination],trip_plan
I want to plan a tour,trip_plan
Arrange a getaway to [destination],trip_plan
Help me prepare for a trip to [destination],trip_plan
I need to plan my travel itinerary,trip_plan
Guide me in planning a visit to [destination],trip_plan
Set up my trip to [destination],trip_plan
Plan a trip to [destination],trip_plan
Help me schedule a vacation,trip_plan
Can you assist in planning a holiday?,trip_plan
Organize my trip to [destination],trip_plan
I want to plan a tour,trip_plan
Arrange a getaway to [destination],trip_plan
Help me prepare for a trip to [destination],trip_plan
I need to plan my travel itinerary,trip_plan
Guide me in planning a visit to [destination],trip_plan
Set up my trip to [destination],trip_plan
Plan a trip to [destination],trip_plan
Help me schedule a vacation,trip_plan
Can you assist in planning a holiday?,trip_plan
Organize my trip to [destination],trip_plan
I want to plan a tour,trip_plan
Arrange a getaway to [destination],trip_plan
Help me prepare for a trip to [destination],trip_plan
I need to plan my travel itinerary,trip_plan
Guide me in planning a visit to [destination],trip_plan
Set up my trip to [destination],trip_plan
Plan a trip to [destination],trip_plan
Help me schedule a vacation,trip_plan
Can you assist in planning a holiday?,trip_plan
Organize my trip to [destination],trip_plan
I want to plan a tour,trip_plan
Arrange a getaway to [destination],trip_plan
Help me prepare for a trip to [destination],trip_plan
I need to plan my travel itinerary,trip_plan
Guide me in planning a visit to [destination],trip_plan
Set up my trip to [destination],trip_plan
Plan a trip to [destination],trip_plan
Help me schedule a vacation,trip_plan
Can you assist in planning a holiday?,trip_plan
Organize my trip to [destination],trip_plan
I want to plan a tour,trip_plan
Arrange a getaway to [destination],trip_plan
Help me prepare for a trip to [destination],trip_plan
I need to plan my travel itinerary,trip_plan
Guide me in planning a visit to [destination],trip_plan
Set up my trip to [destination],trip_plan
Plan a trip to [destination],trip_plan
Help me schedule a vacation,trip_plan
Can you assist in planning a holiday?,trip_plan
Organize my trip to [destination],trip_plan
I want to plan a tour,trip_plan
Arrange a getaway to [destination],trip_plan
Help me prepare for a trip to [destination],trip_plan
I need to plan my travel itinerary,trip_plan
Guide me in planning a visit to [destination],trip_plan
Set up my trip to [destination],trip_plan
Plan a trip to [destination],trip_plan
Help me schedule a vacation,trip_plan
Can you assist in planning a holiday?,trip_plan
Organize my trip to [destination],trip_plan
I want to plan a tour,trip_plan
Arrange a getaway to [destination],trip_plan
Help me prepare for a trip to [destination],trip_plan
I need to plan my travel itinerary,trip_plan
Guide me in planning a visit to [destination],trip_plan
Set up my trip to [destination],trip_plan
Plan a trip to [destination],trip_plan
Help me schedule a vacation,trip_plan
Can you assist in planning a holiday?,trip_plan
Organize my trip to [destination],trip_plan
I want to plan a tour,trip_plan
Arrange a getaway to [destination],trip_plan
Help me prepare for a trip to [destination],trip_plan
I need to plan my travel itinerary,trip_plan
Guide me in planning a visit to [destination],trip_plan
Set up my trip to [destination],trip_plan
Plan a trip to [destination],trip_plan
Help me schedule a vacation,trip_plan
Can you assist in planning a holiday?,trip_plan
Organize my trip to [destination],trip_plan
I want to plan a tour,trip_plan
Arrange a getaway to [destination],trip_plan
Help me prepare for a trip to [destination],trip_plan
I need to plan my travel itinerary,trip_plan
Guide me in planning a visit to [destination],trip_plan
Set up my trip to [destination],trip_plan
Plan a trip to [destination],trip_plan
Help me schedule a vacation,trip_plan
Can you assist in planning a holiday?,trip_plan
Organize my trip to [destination],trip_plan
I want to plan a tour,trip_plan
Arrange a getaway to [destination],trip_plan
Help me prepare for a trip to [destination],trip_plan
I need to plan my travel itinerary,trip_plan
Guide me in planning a visit to [destination],trip_plan
Set up my trip to [destination],trip_plan
Plan a trip to [destination],trip_plan
Help me schedule a vacation,trip_plan
Can you assist in planning a holiday?,trip_plan
Organize my trip to [destination],trip_plan
I want to plan a tour,trip_plan
Arrange a getaway to [destination],trip_plan
Help me prepare for a trip to [destination],trip_plan
I need to plan my travel itinerary,trip_plan
Guide me in planning a visit to [destination],trip_plan
Set up my trip to [destination],trip_plan
Plan a trip to [destination],trip_plan
Help me schedule a vacation,trip_plan
Can you assist in planning a holiday?,trip_plan
Organize my trip to [destination],trip_plan
I want to plan a tour,trip_plan
Arrange a getaway to [destination],trip_plan
Help me prepare for a trip to [destination],trip_plan
I need to plan my travel itinerary,trip_plan
Guide me in planning a visit to [destination],trip_plan
Set up my trip to [destination],trip_plan
Plan a trip to [destination],trip_plan
Help me schedule a vacation,trip_plan
Can you assist in planning a holiday?,trip_plan
Organize my trip to [destination],trip_plan
I want to plan a tour,trip_plan
Arrange a getaway to [destination],trip_plan
Help me prepare for a trip to [destination],trip_plan
I need to plan my travel itinerary,trip_plan
Guide me in planning a visit to [destination],trip_plan
Set up my trip to [destination],trip_plan
Plan a trip to [destination],trip_plan
Help me schedule a vacation,trip_plan
Can you assist in planning a holiday?,trip_plan
Organize my trip to [destination],trip_plan
I want to plan a tour,trip_plan
Arrange a getaway to [destination],trip_plan
Help me prepare for a trip to [destination],trip_plan
I need to plan my travel itinerary,trip_plan
Guide me in planning a visit to [destination],trip_plan
Set up my trip to [destination],trip_plan
Plan a trip to [destination],trip_plan
Help me schedule a vacation,trip_plan
Can you assist in planning a holiday?,trip_plan
Organize my trip to [destination],trip_plan
I want to plan a tour,trip_plan
Arrange a getaway to [destination],trip_plan
Help me prepare for a trip to [destination],trip_plan
I need to plan my travel itinerary,trip_plan
Guide me in planning a visit to [destination],trip_plan
Set up my trip to [destination],trip_plan
Plan a trip to [destination],trip_plan
Help me schedule a vacation,trip_plan
Can you assist in planning a holiday?,trip_plan
Organize my trip to [destination],trip_plan
I want to plan a tour,trip_plan
Arrange a getaway to [destination],trip_plan
Help me prepare for a trip to [destination],trip_plan
I need to plan my travel itinerary,trip_plan
Guide me in planning a visit to [destination],trip_plan
Set up my trip to [destination],trip_plan
